{"cameraMode":{"drawMode":0,"name":"Shaded","section":"Shading Mode"},"sceneLighting":true,"audioPlay":false,"sceneViewState":{"showFog":true,"showMaterialUpdate":false,"showSkybox":true,"showFlares":true,"showImageEffects":true,"showParticleSystems":true},"in2DMode":false,"pivot":{"x":40.00804138183594,"y":-5.760868072509766,"z":43.50058364868164},"rotation":{"x":0.1634184867143631,"y":0.7477046251296997,"z":-0.19970649480819703,"w":0.6118418574333191},"size":45.816741943359378,"orthographic":false}