{"cameraMode":{"drawMode":0,"name":"Shaded","section":"Shading Mode"},"sceneLighting":true,"audioPlay":false,"sceneViewState":{"showFog":true,"showMaterialUpdate":false,"showSkybox":true,"showFlares":true,"showImageEffects":true,"showParticleSystems":true},"in2DMode":false,"pivot":{"x":8.93043327331543,"y":8.058050155639649,"z":17.771059036254884},"rotation":{"x":-0.29962798953056338,"y":-0.46625420451164248,"z":0.17151714861392976,"w":-0.8145071864128113},"size":10.0,"orthographic":false}