{"cameraMode":{"drawMode":0,"name":"Shaded","section":"Shading Mode"},"sceneLighting":false,"audioPlay":false,"sceneViewState":{"showFog":true,"showMaterialUpdate":false,"showSkybox":false,"showFlares":true,"showImageEffects":true,"showParticleSystems":true},"in2DMode":false,"pivot":{"x":0.26687026023864748,"y":0.16142797470092774,"z":-1.026160717010498},"rotation":{"x":0.3031409680843353,"y":0.2716176211833954,"z":-0.09055697917938233,"w":0.9089574217796326},"size":1.0618171691894532,"orthographic":false}